{"cameraMode":{"drawMode":0,"name":"Shaded","section":"Shading Mode"},"sceneLighting":false,"audioPlay":false,"sceneViewState":{"showFog":false,"showMaterialUpdate":false,"showSkybox":false,"showFlares":false,"showImageEffects":false,"showParticleSystems":false},"in2DMode":false,"pivot":{"x":58.46330261230469,"y":0.2598724961280823,"z":-24.3439998626709},"rotation":{"x":-0.1614219695329666,"y":-0.44255968928337099,"z":0.08149462938308716,"w":-0.8784318566322327},"size":0.5270034074783325,"orthographic":false}