{"cameraMode":{"drawMode":0,"name":"Shaded","section":"Shading Mode"},"sceneLighting":false,"audioPlay":false,"sceneViewState":{"showFog":false,"showMaterialUpdate":false,"showSkybox":false,"showFlares":false,"showImageEffects":true,"showParticleSystems":false},"in2DMode":false,"pivot":{"x":7.143069267272949,"y":1.8978557586669922,"z":-7.363966941833496},"rotation":{"x":-0.26518625020980837,"y":0.5606999397277832,"z":-0.19421853125095368,"w":-0.7604706883430481},"size":6.91558313369751,"orthographic":false}