{"cameraMode":{"drawMode":0,"name":"Shaded","section":"Shading Mode"},"sceneLighting":false,"audioPlay":false,"sceneViewState":{"showFog":false,"showMaterialUpdate":false,"showSkybox":false,"showFlares":false,"showImageEffects":true,"showParticleSystems":false},"in2DMode":false,"pivot":{"x":-1.1920928955078126e-7,"y":3.6035513877868654,"z":-6.009999752044678},"rotation":{"x":0.27675092220306399,"y":-0.7222273349761963,"z":0.42500945925712588,"w":0.47029268741607668},"size":2.0491528511047365,"orthographic":false}