{"cameraMode":{"drawMode":0,"name":"Shaded","section":"Shading Mode"},"sceneLighting":false,"audioPlay":false,"sceneViewState":{"showFog":false,"showMaterialUpdate":false,"showSkybox":false,"showFlares":false,"showImageEffects":false,"showParticleSystems":false},"in2DMode":false,"pivot":{"x":57.50337600708008,"y":2.151176929473877,"z":-25.826295852661134},"rotation":{"x":-0.17203262448310853,"y":-0.7416955828666687,"z":0.20802922546863557,"w":-0.614182710647583},"size":1.1242055892944337,"orthographic":false}