{"cameraMode":{"drawMode":0,"name":"Shaded","section":"Shading Mode"},"sceneLighting":true,"audioPlay":false,"sceneViewState":{"showFog":false,"showMaterialUpdate":false,"showSkybox":false,"showFlares":false,"showImageEffects":true,"showParticleSystems":false},"in2DMode":false,"pivot":{"x":-8.764074325561524,"y":1.6201608180999756,"z":47.07175827026367},"rotation":{"x":-0.24301666021347047,"y":0.43242284655570986,"z":-0.12095660716295243,"w":-0.8602720499038696},"size":0.38561445474624636,"orthographic":false}