{"cameraMode":{"drawMode":0,"name":"Shaded","section":"Shading Mode"},"sceneLighting":true,"audioPlay":false,"sceneViewState":{"showFog":false,"showMaterialUpdate":true,"showSkybox":true,"showFlares":false,"showImageEffects":true,"showParticleSystems":false},"in2DMode":false,"pivot":{"x":77.22215270996094,"y":-32.03274154663086,"z":-158.04019165039063},"rotation":{"x":0.07417457550764084,"y":0.771543025970459,"z":-0.09169082343578339,"w":0.6253273487091065},"size":31.251094818115236,"orthographic":false}