{"cameraMode":{"drawMode":0,"name":"Shaded","section":"Shading Mode"},"sceneLighting":false,"audioPlay":false,"sceneViewState":{"showFog":false,"showMaterialUpdate":false,"showSkybox":false,"showFlares":false,"showImageEffects":false,"showParticleSystems":false},"in2DMode":false,"pivot":{"x":-1.4943262338638306,"y":1.5002319812774659,"z":1.4908473491668702},"rotation":{"x":-0.18160422146320344,"y":0.3738979399204254,"z":0.07485381513834,"w":0.9064831137657166},"size":2.6274049282073976,"orthographic":false}