{"cameraMode":{"drawMode":0,"name":"Shaded","section":"Shading Mode"},"sceneLighting":true,"audioPlay":false,"sceneViewState":{"showFog":false,"showMaterialUpdate":false,"showSkybox":false,"showFlares":false,"showImageEffects":true,"showParticleSystems":false},"in2DMode":false,"pivot":{"x":2.881197929382324,"y":1.614999771118164,"z":6.399999618530273},"rotation":{"x":-0.24301666021347047,"y":0.43242284655570986,"z":-0.12095660716295243,"w":-0.8602720499038696},"size":12.12435531616211,"orthographic":false}