{"cameraMode":{"drawMode":0,"name":"Shaded","section":"Shading Mode"},"sceneLighting":true,"audioPlay":false,"sceneViewState":{"showFog":false,"showMaterialUpdate":false,"showSkybox":false,"showFlares":false,"showImageEffects":true,"showParticleSystems":false},"in2DMode":false,"pivot":{"x":-9.258798599243164,"y":1.614999771118164,"z":56.400001525878909},"rotation":{"x":-0.24301666021347047,"y":0.43242284655570986,"z":-0.12095660716295243,"w":-0.8602720499038696},"size":0.3807547688484192,"orthographic":false}