{"cameraMode":{"drawMode":0,"name":"Shaded","section":"Shading Mode"},"sceneLighting":true,"audioPlay":false,"sceneViewState":{"showFog":false,"showMaterialUpdate":true,"showSkybox":true,"showFlares":false,"showImageEffects":true,"showParticleSystems":false},"in2DMode":false,"pivot":{"x":65.2457504272461,"y":-6.804290771484375,"z":-107.22428894042969},"rotation":{"x":0.025996800512075425,"y":0.9500402212142944,"z":-0.08260554820299149,"w":0.30024391412734988},"size":75.28158569335938,"orthographic":false}