{"cameraMode":{"drawMode":0,"name":"Shaded","section":"Shading Mode"},"sceneLighting":false,"audioPlay":false,"sceneViewState":{"showFog":false,"showMaterialUpdate":false,"showSkybox":false,"showFlares":false,"showImageEffects":true,"showParticleSystems":false},"in2DMode":false,"pivot":{"x":-12.000001907348633,"y":7.499999523162842,"z":0.5000002980232239},"rotation":{"x":0.27675092220306399,"y":-0.7222273349761963,"z":0.42500945925712588,"w":0.47029268741607668},"size":22.998737335205079,"orthographic":false}